First Name,Last Name,Street Number,City,Province,Country,Postal Code,Phone Number,Email Address
Jyothi,Govindaraj,22,Winnipeg,British Columbia,Canada,BP4PL4,2019999908,Jyothi.Govindaraj@outlook.com
Md. Wahid Tausif,Bhagat,12,Ottawa,British Columbia,Canada,P4B444,2019999914,Md. Wahid Tausif.Bhagat@hotmail.com
Karthik,Govindaraj,11,Calgary,New Brunswick,Canada,3333PB,2019999925,Karthik.Govindaraj@hotmail.com
Daniel,Oliver,21,Montreal,Alberta,Canada,L939BB,2019999912,Daniel.Oliver@yahoo.com
Daniel,Garcia Barrantes,11,Vancouver,Ontario,Canada,PB33P3,2019999925,Daniel.Garcia Barrantes@hotmail.com
Jinal,Kumar,22,Vancouver,Alberta,Canada,BP3P3B,2019999917,Jinal.Kumar@outlook.com
Yifan,Arantes,11,Halifax,New Brunswick,Canada,PLLLLB,2019999916,Yifan.Arantes@hotmail.com
Vivek,Oliver,12,Ottawa,Alberta,Canada,33BBBB,2019999917,Vivek.Oliver@outlook.com
Md. Wahid Tausif,Bagher Zadeh Ansari,21,Calgary,Ontario,Canada,P4PBPB,2019999915,Md. Wahid Tausif.Bagher Zadeh Ansari@hotmail.com
Karthik,Irfanoglu,22,Montreal,New Brunswick,Canada,3B49PB,2019999922,Karthik.Irfanoglu@yahoo.com
Lourdes,Mishra,12,Vancouver,Alberta,Canada,4PBLP9,2019999917,Lourdes.Mishra@outlook.com
Amrit,Arantes,22,Halifax,New Brunswick,Canada,B3333L,2019999918,Amrit.Arantes@hotmail.com
Naveenraj,Oliver,21,Winnipeg,New Brunswick,Canada,L3LP3P,2019999912,Naveenraj.Oliver@hotmail.com
Amrit,Yin,12,Montreal,Alberta,Canada,P3BLLP,2019999911,Amrit.Yin@hotmail.com
Amrit,Mishra,22,Vancouver,New Brunswick,Canada,PLPPLP,2019999919,Amrit.Mishra@outlook.com
Lourdes,Vechoor Padmanabhan,22,Calgary,Alberta,Canada,4B9L4B,2019999908,Lourdes.Vechoor Padmanabhan@outlook.com
Narendran,Oliver,21,Calgary,Alberta,Canada,34BBP9,2019999917,Narendran.Oliver@hotmail.com
Lourdes,Salvi,11,Ottawa,British Columbia,Canada,LL9P4B,2019999926,Lourdes.Salvi@yahoo.com
Caner Adil,Devaraj,12,Montreal,Alberta,Canada,394994,2019999908,Caner Adil.Devaraj@outlook.com
Dinesh,Bhagat,52,Regina,Alberta,Canada,3B4PB9,2019999926,Meghana.Bhagat@yahoo.com
First Name,Last Name,Street Number,City,Province,Country,Postal Code,Phone Number,Email Address
Naghmeh,Salvi,21,Montreal,New Brunswick,Canada,934P3L,2019999916,Naghmeh.Salvi@yahoo.com
Yifan,Mishra,22,Regina,New Brunswick,Canada,443P4L,2019999924,Yifan.Mishra@hotmail.com
Abhiraj,Garcia Barrantes,11,Victoria,New Brunswick,Canada,3PB9PP,2019999914,Abhiraj.Garcia Barrantes@outlook.com
Jinal,Govindaraj,11,Ottawa,Ontario,Canada,PB3B3B,2019999916,Jinal.Govindaraj@yahoo.com
Md. Wahid Tausif,Irfanoglu,22,Vancouver,Ontario,Canada,BLBP43,2019999926,Md. Wahid Tausif.Irfanoglu@yahoo.com
Yifan,Garcia Barrantes,21,Ottawa,Alberta,Canada,P3L933,2019999914,Yifan.Garcia Barrantes@hotmail.com
Ranjit,Govindaraj,12,Halifax,Alberta,Canada,9L9433,2019999910,Ranjit.Govindaraj@outlook.com
Olugbenro,Chillal,11,Calgary,British Columbia,Canada,P9B3P4,2019999916,Olugbenro.Chillal@yahoo.com
Abhiraj,Bhagat,11,Calgary,Ontario,Canada,PBP9P3,2019999921,Abhiraj.Bhagat@outlook.com
Daune,Hameed,21,Calgary,New Brunswick,Canada,BL3P34,2019999912,Daune.Hameed@yahoo.com
Jyothi,Omar,11,Winnipeg,Alberta,Canada,L33P33,2019999911,Jyothi.Omar@hotmail.com
Sankalp,Salvi,11,Ottawa,Alberta,Canada,BLP4BP,2019999912,Sankalp.Salvi@hotmail.com
Rodolfo,Arantes,12,Winnipeg,Alberta,Canada,B94333,2019999909,Rodolfo.Arantes@outlook.com
Vivek,Arantes,22,Ottawa,Alberta,Canada,4393B9,2019999916,Vivek.Arantes@hotmail.com
Karthik,Bhagat,21,Calgary,Alberta,Canada,L9P99B,2019999925,Karthik.Bhagat@yahoo.com
Yifan,Chillal,21,Montreal,British Columbia,Canada,99B9P9,2019999921,Yifan.Chillal@yahoo.com
Rodolfo,QasemiBoroujeni,11,Victoria,Alberta,Canada,399LB9,2019999916,Rodolfo.QasemiBoroujeni@outlook.com
Yifan,Arantes,12,Halifax,New Brunswick,Canada,34PBB4,2019999913,Yifan.Arantes@hotmail.com
Rodolfo,Oliver,22,Regina,New Brunswick,Canada,34P34P,2019999914,Rodolfo.Oliver@hotmail.com
Yifan,Bhagat,21,Montreal,British Columbia,Canada,B9LB3L,2019999926,Yifan.Bhagat@yahoo.com
